company_name,building_name,raw_address
Mid America Apartments,Colonial Grand at Riverchase Trails,"1000 Riverchase Trail, Birmingham, AL 35244"
Mid America Apartments,MAA Trussville,"90 Meadows Drive, Birmingham, AL 35235"
Mid America Apartments,MAA Eagle Ridge,"One Eagle Ridge Drive, Birmingham, AL 35242"
Mid America Apartments,MAA Liberty Park,"1750 Bartholdi Parkway, Birmingham, AL 35242"
Mid America Apartments,Birchall at Ross Bridge,"100 Birchall Lane, Hoover, AL 35226"
Mid America Apartments,MAA Traditions,"6061 Colonial Parkway, Gulf Shores, AL 36542"
Mid America Apartments,MAA Cypress Village,"23838 Cypress Manor, Orange Beach, AL 36561"
Mid America Apartments,MAA Providence Main,"685 Providence Main Street, Huntsville, AL 35806"
Mid America Apartments,MAA Madison Lakes,"2300 Colonial Lake Drive, Madison, AL 35758"
Mid America Apartments,MAA Edgewater,"1030 Grande View Blvd., Huntsville, AL 35824"
Mid America Apartments,MAA Central Ave,"31 East Thomas Road, Phoenix, AZ 85012"
Mid America Apartments,MAA Midtown Phoenix,"400 E. Earll Drive, Phoenix, AZ 85012"
Mid America Apartments,MAA Camelback,"6400 East Thomas Road, Scottsdale, AZ 85251"
Mid America Apartments,MAA Foothills,"32615 North Valley Parkway, Phoenix, AZ 85085"
Mid America Apartments,MAA Fountainhead,"2520 South Plaza Drive, Tempe, AZ 85282"
Mid America Apartments,MAA City Gate,"5332 East Baseline Road, Mesa, AZ 85206"
Mid America Apartments,MAA Lyon's Gate,"3301 E Ray Rd, Gilbert, AZ 85296"
Mid America Apartments,MAA SkySong,"1301 N. Scottsdale Road, Scottsdale, AZ 85257"
Mid America Apartments,MAA Sky View,"4632 E Germann Rd., Gilbert, AZ 85297"
Mid America Apartments,MAA Old Town Scottsdale,"2929 N. 70th Street, Scottsdale, AZ 85251"
Mid America Apartments,MAA Milepost 35,"4692 N Beeler Ct., Denver, CO 80238"
Mid America Apartments,MAA River North,"1859 28th Street, Denver, CO 80216"
Mid America Apartments,MAA Promenade,"6963 W 109th Ave., Westminster, CO 80020"
Mid America Apartments,MAA Westglenn,"9030 Wadsworth Blvd, Westminster, CO 80021"
Mid America Apartments,MAA Massachusetts Avenue,"1499 Massachusetts Avenue, NW, Washington, DC 20005"
Mid America Apartments,MAA Coral Springs,"9111 Ramblewood Drive, Coral Springs, FL 33071"
Mid America Apartments,MAA Steeplegate,"1105 Ft. Clarke Blvd., Gainesville, FL 32606"
Mid America Apartments,MAA Magnolia Parke,"4170 NW 50th Terrace, Gainesville, FL 32606"
Mid America Apartments,MAA Town Center,"9825 Gate Parkway North, Jacksonville, FL 32246"
Mid America Apartments,MAA Atlantic,"1715 Hodges Blvd., Jacksonville, FL 32224"
Mid America Apartments,MAA Mandarin North,"10275 Old St. Augustine Rd, Jacksonville, FL 32257"
Mid America Apartments,MAA Belmont,"3900 Oldfield Crossing Dr, Jacksonville, FL 32223"
Mid America Apartments,MAA Mandarin Lakes,"11001 Old St.augustine Rd., Jacksonville, FL 32257"
Mid America Apartments,MAA Deerwood,"10100 Baymeadows Road, Jacksonville, FL 32256"
Mid America Apartments,MAA Tapestry Park,"9734 Tapestry Park Circle, Jacksonville, FL 32246"
Mid America Apartments,MAA Fleming Island,"2285 Marsh Hawk Lane, Fleming Island, FL 32003"
Mid America Apartments,MAA Southlake,"8700 Southside Blvd., Jacksonville, FL 32256"
Mid America Apartments,MAA 220 Riverside,"220 Riverside Avenue, Jacksonville, FL 32202"
Mid America Apartments,MAA Boggy Creek,"3060 Landings Circle, Orlando, FL 32824"
Mid America Apartments,MAA Lake Nona,"10203 Falcon Parc Blvd, Orlando, FL 32832"
Mid America Apartments,MAA Sand Lake,"6265 Sand Lake Vista Drive, Orlando, FL 32819"
Mid America Apartments,MAA Crosswater,"7826 Crosswater Trail, Windermere, FL 34786"
Mid America Apartments,MAA Town Park,"1050 Colonial Grand Lane, Lake Mary, FL 32746"
Mid America Apartments,MAA Tiffany Oaks,"351 S Northlake Blvd., Altamonte Springs, FL 32701"
Mid America Apartments,MAA Twin Lakes,"11500 Myrtlewood Drive, Sanford, FL 32771"
Mid America Apartments,MAA Baldwin Park,"4688 New Broad Street, Orlando, FL 32814"
Mid America Apartments,MAA Parkside,"431 E. Central Blvd., Orlando, FL 32801"
Mid America Apartments,MAA Windermere,"11598 Lachlan Lane, Windermere, FL 34786"
Mid America Apartments,MAA Heather Glen,"13184 Heather Moss Drive, Orlando, FL 32837"
Mid America Apartments,MAA Randal Lakes,"9200 Randal Park Blvd, Orlando, FL 32832"
Mid America Apartments,MAA Lake Mary,"225 Sunlight Lane, Lake Mary, FL 32746"
Mid America Apartments,MAA Heathrow,"1122 Greenstone Boulevard, Heathrow, FL 32746"
Mid America Apartments,MAA Robinson,"310 N Orange Ave, Orlando, FL 32801"
Mid America Apartments,MAA Emerald Coast,"98 Paddock Club Drive, Panama City Beach, FL 32407"
Mid America Apartments,MAA Southwood,"3700 Capital Circle S.E., Tallahassee, FL 32311"
Mid America Apartments,MAA Oak Grove,"1900 Centre Pointe Blvd, Tallahassee, FL 32308"
Mid America Apartments,MAA Breakwater,"5432  West Tyson Ave, Tampa, FL 33611"
Mid America Apartments,MAA Brandon,"921 Paddock Club Drive, Brandon, FL 33511"
Mid America Apartments,MAA Indigo Point,"1850 Providence Lakes, Brandon, FL 33511"
Mid America Apartments,MAA Lakewood Ranch,"8100 Natures Way, Lakewood Ranch, FL 34202"
Mid America Apartments,MAA Rocky Point,"3101 N Rocky Point Dr E, Tampa, FL 33607"
Mid America Apartments,MAA Hyde Park,"502 S. Fremont Avenue, Tampa, FL 33606"
Mid America Apartments,MAA Belmere,"5102 Belmere Parkway, Tampa, FL 33624"
Mid America Apartments,MAA Harbour Island,"800 Harbour Post Drive, Tampa, FL 33602"
Mid America Apartments,MAA Tampa Oaks,"8425 Montravail Circle, Temple Terrace, FL 33637"
Mid America Apartments,MAA SoHo Square,"712 South Howard Ave., Tampa, FL 33606"
Mid America Apartments,MAA Seven Oaks,"2042 Arrowgrass Drive, Wesley Chapel, FL 33544"
Mid America Apartments,MAA Palm Harbor,"2400 Clubside Court, Palm Harbor, FL 34683"
Mid America Apartments,MAA Bay View,"2600 North Rocky Point Drive, Tampa, FL 33607"
Mid America Apartments,MAA Hampton Preserve,"6398 Colonial Grand Drive, Tampa, FL 33647"
Mid America Apartments,MAA Carrollwood,"14009 Clubhouse Circle, Tampa, FL 33618"
Mid America Apartments,MAA Lenox,"600 Phipps Boulevard, Atlanta, GA 30326"
Mid America Apartments,MAA River Oaks,"4400 Pleasant Hill Road, Duluth, GA 30096"
Mid America Apartments,MAA Lake Lanier,"1701 Dawsonville Hwy, Gainesville, GA 30501"
Mid America Apartments,MAA Milstead,"3355 George Busbee Pkwy, Kennesaw, GA 30144"
Mid America Apartments,MAA Prescott,"1655 Centerview Drive, Duluth, GA 30096"
Mid America Apartments,MAA Chastain,"4090 Roswell Road NE, Atlanta, GA 30342"
Mid America Apartments,MAA Gardens,"1020 Lenox Park Blvd NE, Atlanta, GA 30319"
Mid America Apartments,MAA Peachtree Hills,"350 Peachtree Hills Ave NE, Atlanta, GA 30305"
Mid America Apartments,MAA McDaniel Farm,"3355 McDaniel Road, Duluth, GA 30096"
Mid America Apartments,MAA Glen,"4120 Peachtree Rd NE, Atlanta, GA 30319"
Mid America Apartments,MAA Briarcliff,"500 Briarvista Way, Atlanta, GA 30329"
Mid America Apartments,MAA Midtown,"33 11th Street, Atlanta, GA 30309"
Mid America Apartments,MAA Barrett Creek,"2400 Barrett Creek Boulevard, Marietta, GA 30066"
Mid America Apartments,MAA Buckhead,"360 Pharr Rd, Atlanta, GA 30305"
Mid America Apartments,MAA Brookhaven,"2829 Caldwell Road, Atlanta, GA 30319"
Mid America Apartments,MAA River Place,"4130 Plantation Trace Drive, Duluth, GA 30096"
Mid America Apartments,MAA Centennial Park,"305 Centennial Olympic Park Dr, Atlanta, GA 30313"
Mid America Apartments,MAA Shiloh,"1750 Shiloh Road NW, Kennesaw, GA 30144"
Mid America Apartments,MAA Stratford,"3400 Stratford Road, Atlanta, GA 30326"
Mid America Apartments,MAA Brookwood,"40 Peachtree Valley Road NE, Atlanta, GA 30309"
Mid America Apartments,MAA Berkeley Lake,"100 Bradford Creek Trail, Duluth, GA 30096"
Mid America Apartments,MAA Riverside,"4403 Northside Pkwy., Atlanta, GA 30327"
Mid America Apartments,MAA West Village,"4600 West Village Place, Smyrna, GA 30080"
Mid America Apartments,MAA Oglethorpe,"3070 Ashford Dunwoody Rd, Atlanta, GA 30319"
Mid America Apartments,MAA Dunwoody,"4777 Ashford Dunwoody Road, Atlanta, GA 30338"
Mid America Apartments,MAA Pleasant Hill,"2500 Pleasant Hill Road, Duluth, GA 30096"
Mid America Apartments,MAA Spring,"3375 Spring Hill Pkwy, SE, Smyrna, GA 30080"
Mid America Apartments,MAA Piedmont Park,"250 10th Street, NE, Atlanta, GA 30309"
Mid America Apartments,MAA Mount Vernon,"100 Preston Woods Trail, Sandy Springs, GA 30338"
Mid America Apartments,MAA Georgetown Grove,"1800 Grove Point Rd., Savannah, GA 31419"
Mid America Apartments,MAA Benton,"1475 Benton Blvd, Savannah, GA 31407"
Mid America Apartments,MAA Wilmington Island,"909 Penn Waller Rd, Savannah, GA 31410"
Mid America Apartments,MAA Avala,"300 Blue Moon Crossing, Pooler, GA 31322"
Mid America Apartments,MAA Hammocks,"25 Johnny Mercer Blvd, Savannah, GA 31410"
Mid America Apartments,MAA Huntington,"505 Mall Blvd, Savannah, GA 31406"
Mid America Apartments,MAA Prairie Trace,"13601 Foster Street, Overland Park, KS 66223"
Mid America Apartments,MAA Lakepointe,"2334 Lake Park Rd., Lexington, KY 40502"
Mid America Apartments,MAA Village,"151 S. Locust Hill Dr., Lexington, KY 40517"
Mid America Apartments,MAA Pinnacle,"4390 Clearwater  Way, Lexington, KY 40515"
Mid America Apartments,MAA Mansion,"3820 Nicholasville Rd., Lexington, KY 40503"
Mid America Apartments,MAA Westport,"850 Washburn Ave., Louisville, KY 40222"
Mid America Apartments,MAA Fallsgrove,"102 Fallsgrove Boulevard, Rockville, MD 20850"
Mid America Apartments,MAA Denton Pointe,"5951 NW 63rd Terrace, Kansas City, MO 64151"
Mid America Apartments,MAA The Station,"240 W 2nd Street, Kansas City, MO 64105"
Mid America Apartments,MAA Palm Vista,"6300 McCarran Street, North Las Vegas, NV 89081"
Mid America Apartments,MAA Desert Vista,"3305 E. Rome Boulevard, North Las Vegas, NV 89086"
Mid America Apartments,MAA City Grand,"608 McCullough Drive, Charlotte, NC 28262"
Mid America Apartments,MAA University Lake,"9401 Grove Hill Drive, Charlotte, NC 28262"
Mid America Apartments,MAA 1225,"1225 S Church Street, Charlotte, NC 28203"
Mid America Apartments,MAA Gateway,"735 W 5th St, Charlotte, NC 28202"
Mid America Apartments,MAA Optimist Park,"525 E 21 st St., Charlotte, NC "
Mid America Apartments,MAA Uptown,"305 N. Graham Street, Charlotte, NC 28202"
Mid America Apartments,MAA Reserve,"2720 South Boulevard, Charlotte, NC 28209"
Mid America Apartments,MAA Enclave,"710 East 7th Street, Suite 126, Charlotte, NC 28202"
Mid America Apartments,MAA Chancellor Park,"8215 University Ridge, Charlotte, NC 28213"
Mid America Apartments,MAA LoSo,"4015 Craft St, Charlotte, NC 28217"
Mid America Apartments,MAA Ayrsley,"9005 Lenox Pointe Drive, Charlotte, NC 28273"
Mid America Apartments,MAA Huntersville,"9721 Rose Commons Drive, Huntersville, NC 28078"
Mid America Apartments,MAA Prosperity Creek,"3025 Mallard Hill Drive, Charlotte, NC 28269"
Mid America Apartments,MAA Ballantyne,"14205 Ballantyne Lake Road, Charlotte, NC 28277"
Mid America Apartments,MAA Fifty-One,"1301 Crescent Lane, Matthews, NC 28105"
Mid America Apartments,MAA Legacy Park,"8810 Legacy Park Drive, Charlotte, NC 28269"
Mid America Apartments,MAA South Park,"4835 Cameron Valley Pkwy., Charlotte, NC 28210"
Mid America Apartments,MAA Beverly Crest,"7201 Shannopin Drive, Charlotte, NC 28270"
Mid America Apartments,MAA South Line,"222 East Bland Street, Charlotte, NC 28203"
Mid America Apartments,MAA Matthews Commons,"905 Matthews Commons Drive, Matthews, NC 28105"
Mid America Apartments,MAA Cornelius,"19401 Carrington Club Drive, Cornelius, NC 28031"
Mid America Apartments,MAA Nixie,"1250 Hitchings Way, Durham, NC 27703"
Mid America Apartments,MAA Patterson,"100 North Creek Drive, Durham, NC 27707"
Mid America Apartments,MAA Research Park,"400 Stone Lion Drive, Durham, NC 27703"
Mid America Apartments,MAA Duke Forest,"910 Constitution Drive, Durham, NC 27705"
Mid America Apartments,MAA Vale,"4710 Mint Leaf Ln, Raleigh, NC 27612"
Mid America Apartments,MAA Beaver Creek,"1000 Creekside Hills Drive, Apex, NC 27502"
Mid America Apartments,MAA Trinity,"1140 Trinity Pine Lane, Raleigh, NC 27607"
Mid America Apartments,MAA Crabtree,"3300 Grove at Crabtree Crescent, Raleigh, NC 27613"
Mid America Apartments,MAA Wade Park,"5443 Wade Park Blvd., Raleigh, NC 27607"
Mid America Apartments,MAA Arringdon,"5710 Arringdon Park Drive, Morrisville, NC 27560"
Mid America Apartments,MAA Hue,"300 West Hargett Street, Raleigh, NC 27601"
Mid America Apartments,MAA Providence,"10100 Donerail Way, Raleigh, NC 27617"
Mid America Apartments,MAA Brierdale,"10210 Hillston Ridge Road, Raleigh, NC 27617"
Mid America Apartments,MAA 900 Waterford,"900 Waterford Forest Circle, Cary, NC 27513"
Mid America Apartments,MAA Preserve,"8400 Brass Mill Lane, Raleigh, NC 27617"
Mid America Apartments,MAA Hermitage,"100 Hempstead Court, Cary, NC 27513"
Mid America Apartments,MAA Brier Falls,"10200 Crichton Street, Raleigh, NC 27617"
Mid America Apartments,MAA Waters Edge,"9989 Dorchester Road, Summerville, SC 29485"
Mid America Apartments,MAA Commerce Park,"3785 Ladson Road, Ladson, SC 29456"
Mid America Apartments,MAA 1201 Midtown,"1201 Central Haven Drive, Mt. Pleasant, SC 29464"
Mid America Apartments,MAA Rivers Walk,"301 Seaport Lane, Mt. Pleasant, SC 29464"
Mid America Apartments,MAA Farm Springs,"2100 Farm Springs Road, Summerville, SC 29483"
Mid America Apartments,MAA Crowfield,"101 Bridgetown Road, Goose Creek, SC 29445"
Mid America Apartments,MAA James Island,"550 Harbor Cove Lane, Charleston, SC 29412"
Mid America Apartments,MAA Westchase,"1 Westchase Drive, Charleston, SC 29407"
Mid America Apartments,MAA Hampton Pointe,"1916 Sam Rittenberg Blvd, Charleston, SC 29407"
Mid America Apartments,MAA Runaway Bay,"800 Runaway Bay Lane, Mt Pleasant, SC 29464"
Mid America Apartments,MAA Cypress Cove,"3590 Mary Ader Avenue, Charleston, SC 29414"
Mid America Apartments,The Paddock Club Columbia,"4824 Smallwood Rd., Columbia, SC 29223"
Mid America Apartments,The Fairways,"350 Powell Road, Columbia, SC 29203"
Mid America Apartments,MAA Spring Creek,"10 Capewood Road, Simpsonville, SC 29680"
Mid America Apartments,MAA Innovation,"75 Innovation Drive, Greenville, SC 29607"
Mid America Apartments,MAA Howell Commons,"150 Howell Circle, Greenville, SC 29615"
Mid America Apartments,MAA Park Place,"110 Southport Road, Spartanburg, SC 29306"
Mid America Apartments,MAA Haywood,"245 Congaree Road, Greenville, SC 29607"
Mid America Apartments,MAA Highland Ridge,"3549 Rutherford Road, Taylors, SC 29687"
Mid America Apartments,MAA Greene,"1108 South Main Street, Greenville, SC 29601"
Mid America Apartments,MAA Paddock Club,"50 Rocky Creek Road, Greenville, SC 29615"
Mid America Apartments,MAA Tanglewood,"2418 Marchbanks Ave., Anderson, SC 29621"
Mid America Apartments,MAA Point Place,"535 Brookwood Pointe Place, Simpsonville, SC 29681"
Mid America Apartments,MAA Cloverdale,"1421 Cloverdale Cir, Hixson, TN 37343"
Mid America Apartments,MAA Windridge,"1175 Pineville Road, Chattanooga, TN 37405"
Mid America Apartments,MAA Hamilton,"6574 E. Brainerd Rd, Chattanooga, TN 37421"
Mid America Apartments,MAA Heritage Park,"7710 E Brainerd Rd, Chattanooga, TN 37421"
Mid America Apartments,MAA Dexter Lake,"1505 Dexter Lake Drive, Cordova, TN 38016"
Mid America Apartments,MAA Kirby Station,"6653 North Quail Hollow, Memphis, TN 38120"
Mid America Apartments,MAA Southwind,"8345 Championship Dr., Memphis, TN 38125"
Mid America Apartments,MAA Park Estate,"960 Catbird Court, Memphis, TN 38119"
Mid America Apartments,MAA Murfreesboro,"150 West Thompson Lane, Murfreesboro, TN 37129"
Mid America Apartments,MAA Brentwood,"One Derby Trace, Nashville, TN 37211"
Mid America Apartments,MAA Cool Springs,"1001 Midwood St, Franklin, TN 37067"
Mid America Apartments,MAA Park,"5900 Old Hickory Blvd., Hermitage, TN 37076"
Mid America Apartments,MAA Charlotte Ave,"2400 Charlotte Avenue, Nashville, TN 37203"
Mid America Apartments,MAA Acklen,"111 Acklen Park Drive, Nashville, TN 37203"
Mid America Apartments,MAA Nashville West,"7100 Sonya Dr, Nashville, TN 37209"
Mid America Apartments,MAA Sam Ridley,"1000 Colonnade Drive, Smyrna, TN 37167"
Mid America Apartments,MAA Monthaven Park,"126 Monthaven Blvd, Hendersonville, TN 37075"
Mid America Apartments,MAA Indian Lake,"245 Indian Lake Blvd, Hendersonville, TN 37075"
Mid America Apartments,MAA Bellevue,"2828 Old Hickory Boulevard, Nashville, TN 37221"
Mid America Apartments,MAA Kennesaw Farms,"1060 Kennesaw Blvd, Gallatin, TN 37066"
Mid America Apartments,MAA East Austin,"6600 Ed Bluestein, Austin, TX 78723"
Mid America Apartments,MAA West Austin,"4330 Bull Creek Road, Austin, TX 78731"
Mid America Apartments,MAA South Lamar,"1500 South Lamar, Austin, TX 78704"
Mid America Apartments,MAA Cedar Park,"3000 Colonial Parkway, Cedar Park, TX 78613"
Mid America Apartments,MAA Canyon Pointe,"9715 FM 620 North, Austin, TX 78726"
Mid America Apartments,MAA Double Creek,"11001 South 1st Street, Austin, TX 78748"
Mid America Apartments,MAA Canyon Creek,"9501 N FM 620, Austin, TX 78726"
Mid America Apartments,MAA Onion Creek,"1901 Onion Creek Parkway, Austin, TX 78748"
Mid America Apartments,MAA Barton Skyway,"2901 Barton Skyway, Austin, TX 78746"
Mid America Apartments,MAA Ashton Oaks,"300 South A.W. Grimes Blvd, Round Rock, TX 78664"
Mid America Apartments,MAA Windmill Hill,"1501 Blue Ridge Drive, Georgetown, TX 78626"
Mid America Apartments,MAA Balcones Woods,"11215 Research Blvd., Austin, TX 78759"
Mid America Apartments,MAA Western Oaks,"8801 La Cresada Dr, Austin, TX 78749"
Mid America Apartments,MAA Wells Branch,"1630 Wells Branch Parkway, Austin, TX 78728"
Mid America Apartments,MAA Sierra Vista,"1111 South Creek Drive, Round Rock, TX 78664"
Mid America Apartments,MAA Round Rock,"1800 Plateau Vista Boulevard, Round Rock, TX 78664"
Mid America Apartments,MAA Quarry Oaks,"6263 McNeil Drive, Austin, TX 78729"
Mid America Apartments,MAA Brushy Creek,"11300 W. Parmer Lane, Cedar Park, TX 78613"
Mid America Apartments,MAA Park Mesa,"5811 Mesa Drive, Austin, TX 78731"
Mid America Apartments,MAA Barton Creek,"2001 S. Mopac Expressway, Austin, TX 78746"
Mid America Apartments,MAA Sunset Valley,"5800 Brodie Lane, Austin, TX 78745"
Mid America Apartments,MAA Cathedral Arts,"5088 Ross Avenue, Dallas, TX 75206"
Mid America Apartments,MAA Abbey,"2525 Worthington, Dallas, TX 75204"
Mid America Apartments,MAA Heights,"3015 State Street, Suite 111, Dallas, TX 75204"
Mid America Apartments,MAA Meridian,"2427 Allen Street, Dallas, TX 75204"
Mid America Apartments,MAA Katy Trail,"3223 Lemmon Avenue, Dallas, TX 75204"
Mid America Apartments,MAA Remington Hills,"1201 Meadow Creek Drive, Irving, TX 75038"
Mid America Apartments,MAA Highlands North,"16500 Lauder Lane, Dallas, TX 75248"
Mid America Apartments,MAA Las Colinas,"350 East Las Colinas Boulevard, Irving, TX 75039"
Mid America Apartments,MAA Medical District,"2222 Medical District Dr, Dallas, TX 75235"
Mid America Apartments,MAA Starwood,"6805 Lebanon Rd, Frisco, TX 75034"
Mid America Apartments,MAA Grapevine,"2300 Grayson Drive, Grapevine, TX 76051"
Mid America Apartments,MAA Times Square,"7951 Collin McKinney Pkwy, McKinney, TX 75070"
Mid America Apartments,MAA Willow Creek,"2801 Airport Freeway, Bedford, TX 76021"
Mid America Apartments,MAA Boulder Ridge,"1515 Cannon Parkway, Roanoke, TX 76262"
Mid America Apartments,MAA McKinney Avenue,"2815 Allen Street, Suite 120, Dallas, TX 75204"
Mid America Apartments,MAA Market Center,"3825 Mapleshade Ln, Plano, TX 75075"
Mid America Apartments,MAA Eastside,"1801 N. Greenville Ave Suite 300, Richardson, TX 75081"
Mid America Apartments,MAA Highwood,"2401 Ohio Drive, Plano, TX 75093"
Mid America Apartments,MAA Los Rios,"4701 14th Street, Plano, TX 75074"
Mid America Apartments,MAA Valley Ranch,"8001 North MacArthur Blvd, Irving, TX 75063"
Mid America Apartments,MAA Copper Ridge,"2001 Holley Parkway, Roanoke, TX 76262"
Mid America Apartments,MAA Watermark,"150 Parish Lane, Roanoke, TX 76262"
Mid America Apartments,MAA North Hall,"3096 N. Hall Street , Dallas, TX 75204"
Mid America Apartments,MAA Frisco Bridges,"7555 Warren Parkway, Frisco, TX 75034"
Mid America Apartments,MAA Worthington,"2808 McKinney Ave., Dallas, TX 75204"
Mid America Apartments,MAA Bear Creek,"1200 Fuller Wiser Road, Euless, TX 76039"
Mid America Apartments,MAA Bella Casita,"851 Lake Carolyn Pkwy, Irving, TX 75039"
Mid America Apartments,MAA Uptown Village,"2121 Routh Street, Dallas, TX 75201"
Mid America Apartments,MAA Fairview,"344 Murray Farm Road, Fairview, TX 75069"
Mid America Apartments,MAA Grand Courtyards,"525 W. Westchester Parkway, Grand Prairie, TX 75052"
Mid America Apartments,MAA Hebron,"1701 Hebron Pkwy East, Carrollton, TX 75010"
Mid America Apartments,MAA Lowes Farm,"1400 N State Hwy 360, Mansfield, TX 76063"
Mid America Apartments,MAA Legacy,"5741 Martin Road, Plano, TX 75024"
Mid America Apartments,MAA Shoal Creek,"2500 Central Park Boulevard, Bedford, TX 76022"
Mid America Apartments,MAA Addison Circle,"5009 Addison Circle, Addison, TX 75001"
Mid America Apartments,MAA Stonebridge Ranch,"6530 Virginia Pkwy, McKinney, TX 75070"
Mid America Apartments,MAA Gallery,"3006 Woodside Street, Dallas, TX 75204"
Mid America Apartments,MAA Greenwood Forest,"12820 Greenwood Forest Dr., Houston, TX 77066"
Mid America Apartments,MAA Ranchstone,"10901 Ranchstone Drive, Houston, TX 77064"
Mid America Apartments,MAA Park Point,"8850 Long Point Rd , Houston, TX 77055"
Mid America Apartments,MAA Midtown Square,"302 Gray Street, Houston, TX 77002"
Mid America Apartments,MAA Grand Cypress,"14144 Mueschke Rd, Cypress, TX 77433"
Mid America Apartments,MAA Woodwind,"14555 Philippine Street, Houston, TX 77040"
Mid America Apartments,MAA Energy Park,"15200 Park Row, Houston, TX 77084"
Mid America Apartments,MAA Vintage Park,"19939 Chasewood Park Drive, Houston, TX 77070"
Mid America Apartments,MAA 510,"510 Richmond Avenue, Houston, TX 77006"
Mid America Apartments,MAA Greater Heights,"655 Yale Street, Houston, TX 77007"
Mid America Apartments,MAA Valleywood,"315 Valleywood Rd., The Woodlands, TX 77380"
Mid America Apartments,MAA Fall Creek,"8440 N Sam Houston Pkwy E, Humble, TX 77396"
Mid America Apartments,MAA Afton Oaks,"3131 West Loop South, Houston, TX 77027"
Mid America Apartments,MAA Cypresswood,"22221 Cypresswood Dr., Spring, TX 77373"
Mid America Apartments,MAA Legacy Pines,"11100 Louetta Rd., Houston, TX 77070"
Mid America Apartments,MAA Kirkwood,"12840 Kirkwood Dr, Stafford, TX 77477"
Mid America Apartments,MAA Bulverde,"3515 Canyon Parkway, San Antonio, TX 78259"
Mid America Apartments,MAA Westover Hills,"9531 State Highway 151, San Antonio, TX 78251"
Mid America Apartments,MAA Alamo Ranch,"11585 Alamo Ranch Parkway, San Antonio, TX 78253"
Mid America Apartments,MAA Haven at Blanco,"15150 Blanco Rd, San Antonio, TX 78232"
Mid America Apartments,MAA Stonefield,"3105 District Avenue, Charlottesville, VA 22901"
Mid America Apartments,MAA Adalay Bay,"101 Sabal Palm Lane, Chesapeake, VA 23320"
Mid America Apartments,MAA Tysons Corner,"1526 Lincoln Circle, Mclean, VA 22102"
Mid America Apartments,MAA Carlyle Square,"501 Holland Lane, Alexandria, VA 22314"
Mid America Apartments,MAA National Landing,"1201 South Joyce Street Suite C-1, Arlington, VA 22202"
Mid America Apartments,MAA Centreville,"5804 Post Corners Trl, Centreville, VA 20120"
Mid America Apartments,MAA Cosner's Corner,"9419 Cumberland Drive, Fredericksburg, VA 22408"
Mid America Apartments,Colonial Village at Greenbrier,"1 Greenbrier Drive, Fredericksburg, VA 22401"
Mid America Apartments,MAA Seasons,"1001 Dunes Street, Fredericksburg, VA 22401"
Mid America Apartments,MAA Cobblestone Square,"627 Cobblestone Circle, Fredericksburg, VA 22401"
Mid America Apartments,MAA Township,"260 Marcella Road, Hampton, VA 23666"
Mid America Apartments,MAA Radius,"900 Radius Way, Newport News, VA 23602"
Mid America Apartments,MAA Chase Gayton,"100 Chase Gayton Drive, Richmond, VA 23238"
Mid America Apartments,MAA Hunton Park,"3100 Stone Arbor Lane, Glen Allen, VA 23059"
Mid America Apartments,MAA West Creek,"1000 Wilkes Ridge Place, Richmond, VA 23233"
Mid America Apartments,MAA West End,"4008 Gaelic Lane, Glen Allen, VA 23060"
Mid America Apartments,MAA Pavilion Place,"2801 Pavilion Place, Midlothian, VA 23112"
Mid America Apartments,MAA Glen Allen,"4118 Whitford Circle, Glen Allen, VA 23060"
