featured-tag,js-property-details href,prop-img src,prop-phone href,prop-phone,js-property-details,prop-address,description
Featured,https://home.securityproperties.com/5819glisan/?utm_source=corporate/,https://medialibrarycfo.entrata.com/15728/MLv3/3/21/2021/12/28/040629/61cb9875907a96.72391514141.jpg,tel:503-386-0430,(503) 386-0430,5819 Glisan Apartments,"5819 NE Glisan, Portland, OR, 97213","5819 Glisan Apartments is only a few minutes from downtown Portland in the appealing Mount Tabor neighborhood, and many of the striking 1 and 2 bedroom apartment homes have splendid views of the city and even Mount Hood."
Featured,https://home.securityproperties.com/augusta/?utm_source=corporate/,https://medialibrarycfo.entrata.com/fit-in/600x400/15728/MLv3/3/21/2022/2/4/28554/5dae00cd0bd1c4.41850108635.jpg,tel:564-444-6837,(564) 444-6837,Augusta Apartments,"4041 Roosevelt Way NE, Seattle, WA, 98105","Welcome to Augusta Apartments in Seattle, WA. Choose from a variety of spacious and well-designed 1-, 2- and 3-bedroom homes."
Featured,https://home.securityproperties.com/brightleaf/?utm_source=corporate/,https://medialibrarycfo.entrata.com/15728/MLv3/3/21/2022/12/16/085404/639c949bc7eb98.27177578367.png,tel:512-768-0791,(512) 768-0791,Brightleaf At Lakeline,"14115 N Highway 183, Austin, TX, 78717",Brightleaf at Lakeline offers one and two-bedroom floor plans designed for those with the most discerning taste.
Featured,https://www.echolakeapartments.com/?rccustomid=njkymda%3d-d6px3qyi0to%3d&utm_source=corporate/,https://www.securityproperties.com/website_templates/_common/display_type/responsive/img/transparent.png,tel:206-546-2400,(206) 546-2400,Echo Lake Apartments,"1150 N. 192nd Street, Shoreline, WA, 98133","Welcome to Echo Lake Apartments in Shoreline, WA. Choose your new luxury apartment home from a remarkable variety of studio, 1, 2, and 3 bedroom floor plans, as well as one and two bedroom town homes."
Featured,https://www.securityproperties.com/seattle/hana-apartments/conventional/,https://www.securityproperties.com/website_templates/_common/display_type/responsive/img/transparent.png,tel:564-216-6438,(564) 216-6438,HANA Apartments,"101 6th Ave S, Seattle, WA, 98104","Trendy urban style meets smartly designed affordability all in a 4-Star Built Green community with studio, one and two bedroom apartments."
Featured,https://home.securityproperties.com/martingale/?utm_source=corporate/,https://www.securityproperties.com/website_templates/_common/display_type/responsive/img/transparent.png,tel:360-633-8889,(360) 633-8889,Martingale Apartments,"8675 Litt Dr SE, Lacey, WA, 98516","In life and in apartments, there can only be one winner. Meet the front runner, Martingale, a new community in Lacey, WA. Offering Studio, 1- and 2-bedroom apartment homes."
Featured,https://home.securityproperties.com/oaksofkyle/?utm_source=corporate/,https://www.securityproperties.com/website_templates/_common/display_type/responsive/img/transparent.png,tel:512-504-0200,(512) 504-0200,Oaks Of Kyle Apartments,"200 Philomena Dr, Kyle, TX, 78640","Oaks of Kyle is a new apartment community located in beautiful Kyle, Texas offering designer one, two and three bedroom apartment homes!"
Featured,https://splashapartments.com/?utm_source=corporate/,https://www.securityproperties.com/website_templates/_common/display_type/responsive/img/transparent.png,tel:206-591-0550,(206) 591-0550,Splash Apartments,"875 NE 27TH Ave, Portland, OR, 97232",Splash Apartments is a brand-new community located in Portland’s lively eastside for those who seek close-in convenience and stand-out character. Our homes are spacious and elevated with stylish finishes and thoughtful design.
Featured,https://home.securityproperties.com/stoneridgefarms/?utm_source=corporate/,https://www.securityproperties.com/website_templates/_common/display_type/responsive/img/transparent.png,tel:615-451-7057,(615) 451-7057,Stoneridge Farms At The Hunt Club Apartments,"2325 Nashville Pike, Gallatin, TN, 37066","Welcome home to Stoneridge Farms at the Hunt Club Apartments, offering 1 and 2 bedroom apartments for rent in Gallatin, TN."
Featured,https://home.securityproperties.com/thebluffs/?utm_source=corporate/,https://www.securityproperties.com/website_templates/_common/display_type/responsive/img/transparent.png,tel:303-814-0400,(303) 814-0400,The Bluffs At Castle Rock Apartments,"483 Scott Blvd, Castle Rock, CO, 80104","Welcome to The Bluffs at Castle Rock Apartments. The one, two and three bedroom homes at The Bluffs at Castle Rock Apartments have been recently renovated and are the ideal place to call home!"
Featured,https://theconfidentialapts.com/?utm_source=corporate/,https://www.securityproperties.com/website_templates/_common/display_type/responsive/img/transparent.png,,,The Confidential,"2315 4th Ave, Seattle, WA, 98121",The Confidential is a brand-new high-rise community in Seattle's Belltown neighborhood. Our residents own a truly local perspective and live in the know. We offer functionally chic homes with sophisticated finishes and stunning city views.
Featured,https://home.securityproperties.com/thehenley/?utm_source=corporate/,https://www.securityproperties.com/website_templates/_common/display_type/responsive/img/transparent.png,tel:707-428-1222,(707) 428-1222,The Henley Apartment Homes,"313 Sandy Lane, Suisun City, CA, 94585","The Henley is a charming community of apartment homes less than 2 miles from the Suisun City Waterfront District, where you can find outstanding venues for shopping, dining, cultural events, festivals, and outdoor recreation of all kinds."
Featured,https://home.securityproperties.com/toscana/?utm_source=corporate/,https://www.securityproperties.com/website_templates/_common/display_type/responsive/img/transparent.png,tel:360-489-6377,(360) 489-6377,Toscana Apartments,"6679 Birdseye Ave NE, Lacey, WA, 98516","Experience Toscana, a unique apartment home community in Lacey Washington - in the heart of the Puget Sound. Offering Studio, 1- and 2-Bedroom Homes."
,https://home.securityproperties.com/624yale/?utm_source=corporate/,https://www.securityproperties.com/website_templates/_common/display_type/responsive/img/transparent.png,tel:206-624-6240,(206) 624-6240,624 Yale Apartments,"624 Yale Ave N, Seattle, WA, 98109","624 Yale offers numerous, spacious and nicely-appointed floor plans to choose from, you are sure to find a home suited to your taste on South Lake Union."
,https://angelineapartments.com/?utm_source=corporate/,https://www.securityproperties.com/website_templates/_common/display_type/responsive/img/transparent.png,tel:206-723-1843,(206) 723-1843,Angeline Apartments,"4801 Rainier Ave S, Seattle, WA, 98118","You think, dream, and live globally! Your community is your passport to the global way of life you aspire to - locally, in Columbia City, Seattle, WA. Surrounded by diverse culture and exciting possibilities."
,https://home.securityproperties.com/anthology/?utm_source=corporate/,https://www.securityproperties.com/website_templates/_common/display_type/responsive/img/transparent.png,tel:425-274-2474,(425) 274-2474,Anthology Apartments,"1610 Anthology Ave NW, Issaquah, WA, 98027","Here you'll find a balance of traditional and urban buildings, walking trails and parks, and common area amenities that, together, create a Scandinavian-inspired neighborhood that feels right, right now."
,https://home.securityproperties.com/arborcreekapartments/?utm_source=corporate/,https://www.securityproperties.com/website_templates/_common/display_type/responsive/img/transparent.png,tel:503-642-4055,(503) 642-4055,Arbor Creek Apartments,"3280 SW 170TH AVE, BEAVERTON, OR, 97003",Arbor Creek offers newly remodeled apartments in Beaverton near Washington Square Mall.
,https://home.securityproperties.com/argyle/?utm_source=corporate/,https://www.securityproperties.com/website_templates/_common/display_type/responsive/img/transparent.png,tel:253-839-3838,(253) 839-3838,Argyle Apartment Homes,"2517 S 316 Lane, Federal Way, WA, 98003","Argyle Apartment Homes is a quiet community in the heart of Federal Way, Washington has large one bedroom and two-bedroom apartments."
,https://home.securityproperties.com/ballinger/?utm_source=corporate/,https://www.securityproperties.com/website_templates/_common/display_type/responsive/img/transparent.png,tel:206-367-3895,(206) 367-3895,Ballinger Commons Apartments,"2405 North 202nd Place, Shoreline, WA, 98133","Welcome to Ballinger Commons Apartment Homes in the Shoreline neighborhood of Seattle, WA. Offering 1, 2, and 3 bedroom floor plans."
,https://home.securityproperties.com/beaumont/?utm_source=corporate/,https://www.securityproperties.com/website_templates/_common/display_type/responsive/img/transparent.png,tel:253-581-5040,(253) 581-5040,Beaumont Grand Apartment Homes,"8504 82ND ST SW, Lakewood, WA, 98498","Welcome to Beaumont Grand Apartment Homes in Lakewood, WA. Choose from a variety of spacious and well-designed 1, 2, and 3 bedroom homes at Beaumont Grand, all with parking, full-sized washer and dryer and ample storage."
,https://home.securityproperties.com/bellevuecrossing/?utm_source=corporate/,https://www.securityproperties.com/website_templates/_common/display_type/responsive/img/transparent.png,tel:541-728-8088,(541) 728-8088,Bellevue Crossing Apartments,"488 NE Bellevue Dr, Bend, OR, 97701","Discover the comfort & accessibility of Bellevue Crossing Apartments in Bend, OR. Offering 1- and 2-bedroom homes with ample living space, mountain views, and more!"
,https://www.broadleafapartments.com/?rccustomid=njkxotk%3d-1mlal4bdfow%3d&utm_source=corporate/,https://www.securityproperties.com/website_templates/_common/display_type/responsive/img/transparent.png,tel:916-823-8412,(916) 823-8412,Broadleaf Apartments,"40 Park City Ct., Sacramento, CA, 95831",Broadleaf Apartments sets the bar to the highest level for luxury apartment home living just minutes from downtown Sacramento.
,https://home.securityproperties.com/brookstone/?utm_source=corporate/,https://www.securityproperties.com/website_templates/_common/display_type/responsive/img/transparent.png,tel:253-466-3502,(253) 466-3502,Brookstone At Edgewater Townhomes,"7513 177th St Ct E, Puyallup, WA, 98375","Brookstone at Edgewater offers unparalleled comfort and convenience in every two and four bedroom town home. Our modern town homes feature interiors with elegant details, such as enormous sun drenched windows and 9 foot ceilings."
,https://home.securityproperties.com/cedarwest/?switch_cls[id]=97097/,https://www.securityproperties.com/website_templates/_common/display_type/responsive/img/transparent.png,tel:541-617-6100,(541) 617-6100,Cedarwest Apartments,"825 NE Watt Way, Bend, OR, 97701","Enjoy a comfortable and serene community centrally located near it all! Each home features painted accent walls, brushed nickel fixtures, built-in air conditioners and washer/dryer hook-ups for your convenience."
,https://home.securityproperties.com/centervillage/?switch_cls[id]=97097/,https://www.securityproperties.com/website_templates/_common/display_type/responsive/img/transparent.png,tel:503-231-7777,(503) 231-7777,Center Village Apartments,"5845 NE Hoyt Street, Portland, OR, 97213","Center Village Apartments in Portland, OR offers the finest in affordable living. We offer 2, 3 and 4 bedroom apartment homes. We are minutes from downtown, the Lloyd District, and The Portland International Airport."
,https://home.securityproperties.com/charterclub/?utm_source=corporate/,https://www.securityproperties.com/website_templates/_common/display_type/responsive/img/transparent.png,tel:425-338-2588,(425) 338-2588,Charter Club Apartments,"1701 121st St SE, Everett, WA, 98208","Experience country club living at Charter Club, a quality apartment community located right on the southern shore of beautiful Silver Lake in Everett."
,https://home.securityproperties.com/citizenoake/?utm_source=corporate/,https://www.securityproperties.com/website_templates/_common/display_type/responsive/img/transparent.png,tel:253-584-9441,(253) 584-9441,Citizen & Oake Apartments,"5406 82nd ST SW, Lakewood, WA, 98499","Come discover a peaceful retreat at Citizen & Oake in North Lakewood at our comfortable 1, 2 & 3-bedroom apartments with superior amenities inside & out."
,https://home.securityproperties.com/gulch/?utm_source=corporate/,https://www.securityproperties.com/website_templates/_common/display_type/responsive/img/transparent.png,tel:615-742-7292,(615) 742-7292,Crossroads At The Gulch Apartments,"803 Division St, Nashville, TN, 37203","Modern Living at Its Best. Choose the best floor plan for you. Our pet friendly corner penthouses, studios, and one-or two-bedroom apartments are designed for luxury living at Crossroads at the Gulch Apartments."
,https://home.securityproperties.com/daytonmeadows/?switch_cls[id]=97097/,https://www.securityproperties.com/website_templates/_common/display_type/responsive/img/transparent.png,tel:303-695-0600,(303) 695-0600,Dayton Meadows Apartments,"1749 S Dayton Street, Denver, CO, 80247","Dayton Meadows is an affordable rental community offering 1, 2 and 3 bedroom apartments with washer/dryer connections, a sparkling pool, playground and Fitness Center."
,https://home.securityproperties.com/deerrun/?switch_cls[id]=97097/,https://www.securityproperties.com/website_templates/_common/display_type/responsive/img/transparent.png,tel:509-464-4300,(509) 464-4300,Deer Run At North Pointe Apartments,"1225 E Westview Ct, Spokane, WA, 99218","Deer Run offers 1, 2 and 3 bedroom apartment homes with patio/deck, contemporary cabinetry and air conditioning. The community amenities include a large playground with picnic area, fitness center and garages are available for rent"
,https://home.securityproperties.com/eaglepointe/?switch_cls[id]=97097/,https://www.securityproperties.com/website_templates/_common/display_type/responsive/img/transparent.png,tel:509-892-4700,(509) 892-4700,Eagle Pointe Apartments,"2718 North Bowdish Rd, Spokane Valley, WA, 99206","Eagle Pointe Apartments is located in the heart of Spokane Valley, WA in a peaceful and comfortable setting away from busy streets and the hustle and bustle of the city. Eagle Pointe offers choose from 1, 2 and 3 bedroom apartments."
,https://home.securityproperties.com/element170/?utm_source=corporate/,https://www.securityproperties.com/website_templates/_common/display_type/responsive/img/transparent.png,tel:503-747-2138,(503) 747-2138,Element 170 Apartments,"1563 SW 172nd Terrace, Beaverton, OR, 97003","Premier Luxury Living at element 170 Apartments in Beaverton, OR. Built to exceptional standards, element 170 presents you with an outstanding apartment living experience."
,https://home.securityproperties.com/emerson/?utm_source=corporate/,https://www.securityproperties.com/website_templates/_common/display_type/responsive/img/transparent.png,tel:425-821-1641,(425) 821-1641,Emerson Apartments,"11010 NE 124th Lane, Kirkland, WA, 98034","Welcome home to the Emerson Apartments in Kirkland, WA, where we provide a spacious retreat from the hustle and bustle of city life. Choose from a variety of 1, 2 & 3 bedroom floor plan layouts at the Emerson Apartments."
,https://home.securityproperties.com/fountainsprings/?switch_cls[id]=97097/,https://www.securityproperties.com/website_templates/_common/display_type/responsive/img/transparent.png,tel:719-591-4600,(719) 591-4600,Fountain Springs Apartments,"4325 Fountain Springs Grove, Colorado Springs, CO, 80916","Fountain Springs Apartments in Colorado Springs, CO, is a charming apartment community in an ideal location close to shopping, fine dining, and major freeways. Floor plans offered include 1 to 3 bedroom layouts."
,https://home.securityproperties.com/gilmansquare/,https://www.securityproperties.com/website_templates/_common/display_type/responsive/img/transparent.png,tel:425-392-0570,(425) 392-0570,Gilman Square Apartments,"360 NW Dogwood Street, Issaquah, WA, 98027","Situated at the base of Cougar Mountain in picturesque Issaquah, WA, the 2 bedroom apartment homes at Gilman Square Apartments combine the freshness of the mountains with modern conveniences"
,https://home.securityproperties.com/greensnorthglenn/,https://www.securityproperties.com/website_templates/_common/display_type/responsive/img/transparent.png,tel:303-450-5221,(303) 450-5221,Greens Of Northglenn Apartments,"350 W 114TH AVE, Northglenn, CO, 80234","Discover the Denver suburb of Northglenn and come home to spacious two, three, and four bedroom apartments and townhomes at Greens of Northglenn Apartments."
,https://home.securityproperties.com/hamptons/?utm_source=corporate/,https://www.securityproperties.com/website_templates/_common/display_type/responsive/img/transparent.png,tel:615-872-2562,(615) 872-2562,Hamptons At Woodland Pointe,"1501 Woodland Pointe Drive, Nashville, TN, 37214","The Hamptons at Woodland Pointe Apartments in Music City, Nashville, TN, offers spacious 1, 2 and 3 bedroom apartment homes. If you’re looking for beautiful apartments and unbeatable amenities in Nashville, The Hamptons has you covered."
,https://heartlineapartments.com/?utm_source=corporate/,https://www.securityproperties.com/website_templates/_common/display_type/responsive/img/transparent.png,tel:503-411-1250,(503) 411-1250,Heartline Apartments,"1250 Kearney St, Portland, OR, 97209",Heartline is a place where the warmth of wood meets the strength of steel. We offer modern rental homes that have been curated to honor the rich creative history of Portland’s Pearl District.
,https://home.securityproperties.com/heatherstone/?utm_source=corporate/,https://www.securityproperties.com/website_templates/_common/display_type/responsive/img/transparent.png,tel:509-586-8781,(509) 586-8781,Heatherstone Apartments,"1114 West 10th Ave, Kennewick, WA, 99336","Heatherstone Apartments have been designed to accommodate a variety of needs, and you can choose from studio, 1, 2, and 3 bedrooms for your new apartment home. The design concept was to create flexible and open living spaces for all."
,https://janusapartments.com/?utm_source=corporate/,https://www.securityproperties.com/website_templates/_common/display_type/responsive/img/transparent.png,tel:206-448-5687,(206) 448-5687,Janus Apartments,"121 NW 85th Street, Seattle, WA, 98117","Life intermingled at Janus Apartments in the Greenwood neighborhood of Seattle, WA. Here you’ll find studio, 1 and 2 bedroom apartments facing either the hustle-bustle of the urban life, or the quiet-calm of neighboring homes."
,https://www.kinectstower.com/,https://www.securityproperties.com/website_templates/_common/display_type/responsive/img/transparent.png,tel:206-682-0511,(206) 682-0511,Kinects Tower,"1823 Minor Ave, Seattle, WA, 98101",Welcome to Kinects Tower. A dramatic high-rise tower positioned between vibrant city life and the relaxed Northwest vibe. It’s an elevated escape from the everyday. A place to live well – with permission to express your individuality.
,https://www.securityproperties.com/coeur-dalene/lakeside-manorlakeside-village/conventional/,https://www.securityproperties.com/website_templates/_common/display_type/responsive/img/transparent.png,tel:208-664-6800,(208) 664-6800,Lakeside Manor/Lakeside Village Apartments,"115 E Anton Ave, Coeur d'Alene, ID, 83815","Welcome to the Lakeside apartments, a residential community with a variety of spacious and comfortable apartment floor plans to fit your needs and lifestyle. Between the 2 properties we offer Studio, 1- and 2- bedroom apartments."
,https://www.securityproperties.com/arvada/marcella-apartments/conventional/,https://www.securityproperties.com/website_templates/_common/display_type/responsive/img/transparent.png,tel:303-425-5086,(303) 425-5086,Marcella Apartments,"6555 Schneider Way, Arvada, CO, 80004","Choose from our selection of 1-bedroom, 1-bathroom apartments, thoughtfully designed with spacious, open-concept layouts to maximize comfort and functionality."
,https://home.securityproperties.com/meadowbrook/?utm_source=corporate/,https://www.securityproperties.com/website_templates/_common/display_type/responsive/img/transparent.png,tel:206-546-1014,(206) 546-1014,Meadowbrook Apartments,"1408 NW Richmond Beach Rd, Shoreline, WA, 98177","Meadowbrook Apartments is the perfect blend of comfort, quality, and convenience. Offering newly remodeled 1, 2, and 3 bedroom apartment homes."
,https://home.securityproperties.com/merchantswalk/?utm_source=corporate/,https://www.securityproperties.com/website_templates/_common/display_type/responsive/img/transparent.png,tel:615-962-9401,(615) 962-9401,Merchants Walk Apartments,"2650 Merchants Walk, Murfreesboro, TN, 37128","Located in the heart of Murfreesboro, this brand new community offers one, two, and three-bedroom apartment homes."
,https://home.securityproperties.com/midtown64/?utm_source=corporate/,https://www.securityproperties.com/website_templates/_common/display_type/responsive/img/transparent.png,tel:253-852-5995,(253) 852-5995,Midtown 64 Apartments,"24615 64th Ave S, Kent, WA, 98032","Midtown 64 Apartments in Kent offers modern studio, 1- and 2-bedroom apartment homes that maximize both space and livability."
,https://www.securityproperties.com/spokane/mount-vernon-terrace-apartments/conventional/,https://www.securityproperties.com/website_templates/_common/display_type/responsive/img/transparent.png,tel:509-536-1168,(509) 536-1168,Mount Vernon Terrace Apartments,"3128 S Mt Vernon St, Spokane, WA, 99223","Mount Vernon Terrace Apartments in Spokane, WA offer 1-, 2- and 3-bedroom apartment homes. We are minutes from downtown and the Lincoln Heights Shopping Center."
,https://home.securityproperties.com/olinfields/?utm_source=corporate/,https://www.securityproperties.com/website_templates/_common/display_type/responsive/img/transparent.png,tel:425-348-6500,(425) 348-6500,Olin Fields,"10115 Holly Dr, Everett, WA, 98204","Making your home at Olin Fields Apartments means you have an unbeatable location with all the perks you desire. Our one, two, and three bedroom floor plans were designed to provide the comforts for living a modern life."
,https://www.onthegreenhp.com/?rccustomid=njkymdc%3d-qmpqtyiucp4%3d&utm_source=corporate/,https://www.securityproperties.com/website_templates/_common/display_type/responsive/img/transparent.png,tel:425-315-1101,(425) 315-1101,On The Green At Harbour Pointe,"12303 Harbour Pointe Blvd., Mukilteo, WA, 98275","Experience upscale apartment living at On The Green at Harbour Pointe Apartments. We offer spacious one, two, and three bedroom apartments for rent in Mukilteo, WA, next to Harbour Pointe Golf Club."
,https://home.securityproperties.com/pavilions/?utm_source=corporate/,https://www.securityproperties.com/website_templates/_common/display_type/responsive/img/transparent.png,tel:602-795-1300,(602) 795-1300,Pavilions On Central Apartments,"1 West Campbell Avenue, Phoenix, AZ, 85013","Welcome to Pavilions on Central Apartments, where contemporary style meets the ultimate in luxury living.Situated in the heart of Phoenix, AZ our stylish loft and town home apartments offer 1, 2 and 3 bedroom floor plans."
,https://pelotonapartments.com/?utm_source=corporate/,https://www.securityproperties.com/website_templates/_common/display_type/responsive/img/transparent.png,tel:503-287-2463,(503) 287-2463,Peloton Apartments,"4141 N. Williams Avenue, Portland, OR, 97217","Peloton is a community with a common perspective – people pushing together can do incredible things. Located in the heart of the North Williams District, we offer beautiful living environments that intersect with community spaces."
,https://home.securityproperties.com/prattpark/?utm_source=corporate/,https://www.securityproperties.com/website_templates/_common/display_type/responsive/img/transparent.png,tel:206-682-2668,(206) 682-2668,Pratt Park Apartments,"1800 South Jackson St, Seattle, WA, 98144","Pratt Park Apartments is conveniently located in the heart of the Central District, a neighborhood dotted with boutique shops, quaint coffee spots, and local parks! Situated just off Downtown Seattle."
,https://home.securityproperties.com/reservenorthglenn/?switch_cls[id]=97097/,https://www.securityproperties.com/website_templates/_common/display_type/responsive/img/transparent.png,tel:303-280-3708,(303) 280-3708,Reserve At Northglenn Apartments,"11450 Community Center Dr, Northglenn, CO, 80233","Reserve at Northglenn Apartments offers one-, two-, and three-bedroom floor plan options. Each apartment comes equipped with G.E. appliances, 9-foot ceilings, plush carpeting, air conditioning and central heat, and walk-in closets."
,https://home.securityproperties.com/reservethornton/?switch_cls[id]=97097/,https://www.securityproperties.com/website_templates/_common/display_type/responsive/img/transparent.png,tel:303-255-0700,(303) 255-0700,Reserve At Thornton I & II Apartments,"9700 Welby Road, Thornton, CO, 80229","Reserve at Thornton offers an impressive selection of 1, 2, and 3 bedroom floor plans that will become your distinctive retreat. Relax at home, entertain your guests or take advantage of the quality amenities."
,https://home.securityproperties.com/riverridge/?utm_source=corporate/,https://www.securityproperties.com/website_templates/_common/display_type/responsive/img/transparent.png,tel:503-855-4890,(503) 855-4890,River Ridge Apartments,"17865 SW Pacific Hwy, Tualatin, OR, 97062","Welcome to River Ridge Apartments in NW Tualatin, OR. Offering modern one, two and three bedroom homes and gain access to a host of amenities and everyday conveniences to elevate your lifestyle."
,https://home.securityproperties.com/sanctuaryapartments/?utm_source=corporate/,https://www.securityproperties.com/website_templates/_common/display_type/responsive/img/transparent.png,tel:503-227-0300,(503) 227-0300,Sanctuary Apartments,"4940 S Landing Dr, Portland, OR, 97239","Discover LEED Gold Certified Living in Portland, OR in a Studio, one or two bedroom apartment home."
,https://www.saratogadownsapts.com/?rccustomid=njkymte%3d-zydmi3amrdk%3d&utm_source=corporate/,https://www.securityproperties.com/website_templates/_common/display_type/responsive/img/transparent.png,tel:707-255-3239,(707) 255-3239,Saratoga Downs Apartments And Townhomes,"2075 Funny Cide Street, Napa, CA, 94559","Saratoga Downs offers a variety of floor plans, with a myriad of options intended to pamper every resident. Ranging from 1 to 4 bedrooms, each spacious apartment home is generously proportioned and intended to provide luxury and comfort."
,https://home.securityproperties.com/siennapointe/?utm_source=corporate/,https://www.securityproperties.com/website_templates/_common/display_type/responsive/img/transparent.png,tel:541-385-1770,(541) 385-1770,Sienna Pointe Apartments,"1855 NE Lotus Dr, Bend, OR, 97701","Welcome To Sienna Pointe Apartments. Stylish, upscale, and modern! Sienna Pointe is a collection of apartment homes designed to enhance your Bend living experience!"
,https://home.securityproperties.com/skysammamish/?utm_source=corporate/,https://www.securityproperties.com/website_templates/_common/display_type/responsive/img/transparent.png,tel:425-474-3552,(425) 474-3552,Sky Sammamish Apartments,"22526 SE 4TH ST, Sammamish, WA, 98074",SKY Sammamish offers modern apartments in a vibrant neighborhood with everything you need nearby. Our homes are designed for upscale living. Experience the tranquility of picture-perfect mountain views from the comfort of your home.
,https://home.securityproperties.com/southblock/?utm_source=corporate/,https://www.securityproperties.com/website_templates/_common/display_type/responsive/img/transparent.png,tel:503-990-7134,(503) 990-7134,South Block Apartments,"315 Commercial St SE, Salem, OR, 97301","At South Block Apartments, you’ll find a welcoming community with exceptional views. Our studio, one, two, and three bedroom apartments offer a central home base in Salem, OR"
,https://home.securityproperties.com/summitriverside/?utm_source=corporate/,https://www.securityproperties.com/website_templates/_common/display_type/responsive/img/transparent.png,tel:303-730-8882,(303) 730-8882,Summit Riverside Apartments,"4957 S Prince Ct, Littleton, CO, 80123","We would love to help you take advantage of all of the benefits of comfortable and upscale living. With a selection of Studio, 1- & 2-bedroom apartments with loft space, you’re sure to find you love at Summit Riverside Apartments."
,https://home.securityproperties.com/surreydowns/?utm_source=corporate/,https://www.securityproperties.com/website_templates/_common/display_type/responsive/img/transparent.png,tel:425-679-6894,(425) 679-6894,Surrey Downs Apartments,"13035 SE 26th St, Bellevue, WA, 98005","Life at Surrey Downs Apartments is Bellevue living at its finest. We offer one bedroom and two bedroom apartment home living in Factoria, WA!"
,https://www.taluswoodapartments.com/?rccustomid=njkymtq%3d-larur8aaiqy%3d&utm_source=corporate/,https://www.securityproperties.com/website_templates/_common/display_type/responsive/img/transparent.png,tel:425-970-9442,(425) 970-9442,Taluswood Apartments,"4208 236TH St SW, Mountlake Terrace, WA, 98043","Taluswood Apartments offers stylishly renovated one, two, and three bedroom apartment homes in Mountlake Terrace, Washington."
,https://home.securityproperties.com/tannerflats/?utm_source=corporate/,https://www.securityproperties.com/website_templates/_common/display_type/responsive/img/transparent.png,tel:503-595-7700,(503) 595-7700,Tanner Flats Apartments,"2004 SW Jefferson St., Portland, OR, 97201","Set in one of Portland’s original historic neighborhoods, Tanner Flats Apartments is the new standard for trendy city living infused with small town charm."
,https://home.securityproperties.com/theardea/?utm_source=corporate/,https://www.securityproperties.com/website_templates/_common/display_type/responsive/img/transparent.png,tel:503-445-0990,(503) 445-0990,The Ardea Apartments,"3720 S Bond Ave, Portland, OR, 97239","The Ardea’s 30 floors offer unparalleled and spectacular views in every direction. With endless and unobstructed floor-to-ceiling windows, Portland’s streets and skyline provide a backdrop like no other."
,https://www.thecarillonapartments.com/?utm_source=corporate/,https://www.securityproperties.com/website_templates/_common/display_type/responsive/img/transparent.png,tel:425-889-9408,(425) 889-9408,The Carillon Apartment Residences,"5604 Lakeview Dr, Kirkland, WA, 98033","Welcome to The Carillon Apartments in Kirkland, WA where you will enjoy scenic Lake Washington views and picturesque sights of Downtown Seattle on the horizon."
,https://www.catherinescottsdale.com/?rccustomid=njkymty%3d-ikfyr8cpjzw%3d&utm_source=corporate/,https://www.securityproperties.com/website_templates/_common/display_type/responsive/img/transparent.png,tel:480-699-5100,(480) 699-5100,The Catherine Townhomes At Scottsdale,"17212 N. Scottsdale Road, Scottsdale, AZ, 85255","It’s your time to enjoy! Stunning views, gorgeous finishes, unparalleled attention to detail. Access to everything you desire. Rich in amenities, ideal in location, perfect for you. Join the excitement and elevate your expectations."
,https://home.securityproperties.com/thecommons/?switch_cls[id]=97097/,https://www.securityproperties.com/website_templates/_common/display_type/responsive/img/transparent.png,tel:503-231-7777,(503) 231-7777,The Commons Apartments,"5800 NE Center Commons Way, Portland, OR, 97213","Senior living at The Commons Apartments in Portland, OR means that you have access to everything you need for your active daily life! Our resident community room is a popular gathering place for friends."
,https://home.securityproperties.com/thegroveatcitycenter/?utm_source=corporate/,https://www.securityproperties.com/website_templates/_common/display_type/responsive/img/transparent.png,tel:303-337-5301,(303) 337-5301,The Grove At City Center Apartments,"14304 E TENNESSEE AVE, AURORA, CO, 80012","Newly renovated 1 & 2 bedroom apartments with upgraded cabinets and counter tops, stainless steel appliances and brand new flooring."
,https://home.securityproperties.com/heightsatbearcreek/?utm_source=corporate/,https://www.securityproperties.com/website_templates/_common/display_type/responsive/img/transparent.png,tel:425-882-2900,(425) 882-2900,The Heights At Bear Creek Apartments,"17771 NE 90th Street, Redmond, WA, 98052","The Heights at Bear Creek offers 1, 2 & 3 bedroom apartment homes that have been designed to reflect the Pacific Northwest lifestyle of Bellevue, WA. Towering evergreens, rolling green lawns, and native plants surround attractive buildings."
,https://home.securityproperties.com/themarq/?utm_source=corporate/,https://www.securityproperties.com/website_templates/_common/display_type/responsive/img/transparent.png,tel:360-456-5600,(360) 456-5600,The Marq On Martin Apartments,"8515 Litt Drive SE, Lacey, WA, 98516","The Marq on Martin offers remarkable studio, 1 and 2 bedroom apartments full of fresh and inspired design. The new apartment homes at The Marq is located in the heart of Lacey, WA, are in the middle of every the area has to offer!!"
,https://home.securityproperties.com/themetro/?utm_source=corporate/,https://www.securityproperties.com/website_templates/_common/display_type/responsive/img/transparent.png,tel:303-292-5444,(303) 292-5444,The Metro Apartments,"2121 Delgany St, Denver, CO, 80202","Enter your new apartment and admire the perfect pairing of form and function. Our apartments at The Metro feature walk-in closets, washer & dryer and separate dining, fitness or work-from-home space to make life at home more convenient."
,https://home.securityproperties.com/thenoble/?utm_source=corporate/,https://www.securityproperties.com/website_templates/_common/display_type/responsive/img/transparent.png,tel:206-681-9339,(206) 681-9339,The Noble Apartments,"4301 Stone Way N., Seattle, WA, 98103","Welcome To The Noble Apartments. Stylish, upscale, and modern! The Noble is a collection of apartment homes designed to enhance your Seattle living experience!"
,https://home.securityproperties.com/thevillages/?utm_source=corporate/,https://www.securityproperties.com/website_templates/_common/display_type/responsive/img/transparent.png,tel:206-431-9216,(206) 431-9216,The Villages At South Station Apartments,"3724 South 154th Lane, Tukwila, WA, 98188","Villages at South Station, Tukwila’s only gated community, offers studios, 1, 2 and 3 bedroom floor plans to accommodate comfortable living and modern style. Located steps away from the Light Rail and Bus Station makes commuting a breeze."
,https://home.securityproperties.com/thewillows/?utm_source=corporate/,https://www.securityproperties.com/website_templates/_common/display_type/responsive/img/transparent.png,tel:719-227-8720,(719) 227-8720,The Willows At Printers Park Apartments,"2205 Willow Tree Grove, Colorado Springs, CO, 80910","Welcome to The Willows at Printers Park. Choose from the 1, 2, and 3 bedroom homes at The Willows at Printers Park Apartments in Colorado Springs, CO."
,https://home.securityproperties.com/thewindward/?utm_source=corporate/,https://www.securityproperties.com/website_templates/_common/display_type/responsive/img/transparent.png,tel:503-636-1152,(503) 636-1152,The Windward Apartments,"130 A Ave, Lake Oswego, OR, 97034","The Windward offers luxury apartment homes with upscale finishes and contemporary living for rent in Lake Oswego, Oregon"
,https://home.securityproperties.com/trax/?utm_source=corporate/,https://www.securityproperties.com/website_templates/_common/display_type/responsive/img/transparent.png,tel:253-912-8729,(253) 912-8729,Trax At DuPont Station Apartments,"1430 Wilmington Drive, Suite 190, DuPont, WA, 98237","Spacious and modern, Trax at DuPont Station in DuPont, WA is a luxurious part of the Northwest Landing community and your ideal choice for your new apartment home!"
,https://home.securityproperties.com/tria/?utm_source=corporate/,https://www.securityproperties.com/website_templates/_common/display_type/responsive/img/transparent.png,tel:425-251-0855,(425) 251-0855,Tria Apartments,"12833 Newcastle Way, Newcastle, WA, 98056","Tria Apartments in Newcastle, WA offers stunningly modern one and two bedroom apartments and a full suite of impressive amenities, our community is just what you are looking for."
,https://home.securityproperties.com/villagecrest/?switch_cls[id]=97097/,https://www.securityproperties.com/website_templates/_common/display_type/responsive/img/transparent.png,tel:303-287-6001,(303) 287-6001,Village Crest Apartment Homes,"6201 E. 62nd Ave., Commerce City, CO, 80022","With 1, 2, and 3 bedroom options to choose from, you'll find exactly what you need to support your lifestyle. Affordability blends seamlessly with comfort here at Village Crest Apartment Homes."
,https://home.securityproperties.com/kennedycreek/?utm_source=corporate/,https://www.securityproperties.com/website_templates/_common/display_type/responsive/img/transparent.png,tel:360-754-6500,(360) 754-6500,Villas At Kennedy Creek Apartments,"1978 Trosper Rd SW, Tumwater, WA, 98512","Nestled between Trosper, Barnes, and Black Lake next to the Capitol State Forest, The Villas at Kennedy Creek apartments is a tranquil bastion of natural and solitudinous splendor. Choose from 1, 2 and 3 bedroom apartment home styles."
,https://home.securityproperties.com/winfield/?switch_cls[id]=97097/,https://www.securityproperties.com/website_templates/_common/display_type/responsive/img/transparent.png,tel:719-380-1580,(719) 380-1580,Winfield Apartments,"6134 Romley Point, Colorado Springs, CO, 80922","You will love living where the Rocky Mountains, Pike’s Peak and Garden of the Gods are just a short commute away at Winfield Apartments."
